Abana,Babete,Cairu,Daiana,Elisabete,Flora,Gilmara,Haidê,Isabela,Jasmine,Kamila,Luna,Mabel,Naiara,Olga,Paola,Quaiela,Rosana,Sofia,Tabita,Ulrica,Violeta,Wilda,Xénia,Yasmine,Zara
Abati,Baena,Camby,Daiane,Elizabete,Francine,Giulia,Hebe,Isabel,Jasmim,Kamilly,Lea,Maddalena,Nilda,Odete,Piera,Quar,Rose,Sara,Tainara,Umbelina,Valentine,Wilikilia,Xica,Yasmim,Zilda
Abigail,Bambi,Cameron,Daisy,Emma,Francis,Guilhermina,Helena,Irma,Julieta,Karoline,Laura,Magali,Norma,Olivia,Pierina,Quaresma,Roseane,Susana,Talita,Urânia,Valdirene,Wilmara,Ximena,Yolanda,Zelina
Acsa,Bea,Camila,Dana,Elvira,Fany,Gabrielle,Helenice,Isa,Juliete,Karol,Lani,Magda,Neila,Osvalda,Pilar,Quélia,Rosemary,Sonja,Tallita,Urbelina,Valesca,Wismara,Xuxa,Yeva,Zulmira
Ada,Beate,Camile,Dandara,Eda,Filomena,Gabriele,Helia,Isabele,Jhulia,Karolaine,Larisa,Maia,Nicolly,Omélia,Pina,Quésia,Rebecca,Sita,Tallyta,Urbiria,Vilma,Wilma ,,Yula,Zuleica
Adail,Beatrice,Camille,Daniela,Eliane,Francesca,Gabrieli,Heliodora,Isabelli,Julianne,Karla,Luara,Maiara,Nicoly,Oriane,Paulina,Quessia,Rebeka,Sophie,Talyta,Urraca,Violetta,,,Yelena,Zafira
Adrastea,Beatriz,Campbel,Daniele,Eleonora,Francisca,Geovana,Helisa,Isabelle,Jasmin,Kaylane,Lauren,Malika,Nilma,Oriete,Patience,Quirina,Rebecka,Samanta,Tamires,Ursiciana,Verena,,,Yanni,Zahara
Adria,Beaumont,Capotira,Danika,Ednilda,Franciele,Geovanna,Helma,Irina,Jaciara,Kira,Lepeka,Malu,Nirvana,Orlanda,Paulete,Quitéria,Rayane,Sulamita,Tamiris,Úrsula,Vismara,,,Yannis,Zaida
Adriana,Beca,Carina,Dara,Edwina,Fabiana,Giuliana,Heloísa,Isabeli,Jaci,Karen,Laryssa,Manoela,Nita,Otelina,Paolla,,Rafaella,Sheila,Tammy,Ursolina,Vita,,,Yohanna,Zulma
Adriane,Bella,Carine,Dayane,Efrata,Fernanda ,Giannina,Henriqueta,Isaura,Joseane,Kika,Latasha,Manuela,Neide,Otília,Paneki,,Raphaela,Sandy,Tarsila,,Valia,,,Yara,Zahra
Adrianna,Betel,Carla,Dayse,Elane,,Gita,Hilda,Iasmin,Jussara,Karolyn,Latonia,Manuella,Naida,Otiliana,Paloma,,Raphaelle,Suzi,Taynara,,Vacuna,,,Yasmin ,Zahirah 
Adrianne,Bethany,Carlota,Deborah,Elayne,,Giuseppina,Hortênsia,Iraci,Jacinta,Kasandra,Louise,Marana,Najla,Omara,Poliana,,Raffaela,Suzane,Teanira,,Valda,,,,
Adriela,Betina,Carly,Deise,Elaynne,,Guaratinga,Hélen ,Ivanete,Joyce,Karly,Luane,Marcela,Noa,Olímpia,Paula,,Raimunda,Susane,Telma,,Valery,,,,
Adriele,Brenda,Carmen,Diana,Eirati,,Guida,,Indira,Juliane,Karlla,Luanna,Marcelina,Naja,Osíris,Pietra,,Ramona,Suzany,Teodolinda,,Viana,,,,
Adrielle,Britta,Carmencita,Diane ,Eiruba,,Guiomar,,Isolda,Joaquina,Kelika,Lua,Margarete,Najila,Orianna,,,Ranilda,Suzanny,Teodora,,Vidya,,,,
Adrielli,Bruna ,Carol ,Duda,Ekika ,,Gabrielli ,,Iasmy ,Joannes ,Kemal ,Leona ,Margarida ,Nelita ,Oriane,,,Ranya ,Susanne ,Teolinda,,Vasti ,,,,
