Aarão,Baqui,Carlo,Davi,Edmundo,Fabiano,Gabínio,Habacuc,Iag,Jabes,Kévim ,Ladislau,Macário,Nabor,Oceano,Pacal,Quaresma,Râdamas,Sabino,Taciano,Ubaldo,Vaíse,Wilson,Xavier,Yuri,Zacarias
Abdias,Barac,Carlos,David,Edmur,Fabião,Gabino,Habacuque,Iago,Jabim,,Lael,Maciel,Nádege,Octaviano,Parcidio,Quéli,Rafael,Sacramento,Tácio,Udo,Valdemar,William,Xico ,Yan,Zaido
Abel,Barão,Carmério,Davide,Edo,Fábio,Gabriel,Hamilton,Ian,Jacinto,,Laércio,Madail,Nadir,Octávio,Parcídio,Querubim,Rafaelo,Sadi,Tadeu,Ulisses,Valdir,Welton,,Yarin ,Zaido
Abelâmio,Bárbaro,Carmim,de Assis,Eduardo,Fabrício,Galiano,Haraldo,Ianis,Jacó,,Laertes,Madaleno,Naod,Odair,Páris,Quévin,Ragendra,Sadraque,Tálio,Ulrico,Valdo,Willy,,,Zaíro
Abner,Barcino,Carsta,Décimo,Eduartino,Falcão,Galileu,Haroldo,Ibérico,Jacob,,Laudelino,Madate,Narsélio,Odeberto,Pascoal,Quiliano,Rai,Sadrudine,Tâmiris,Urbano,Valdomiro,Wallace,,,Zaqueu
Abelardo,Barnabé,Casimiro,Décio,Eduíno,Falco,Gamaliel,Hazael,Ícaro,Jácome,,Laureano,Madjer,Nascimento,Ódin,Patrício,Quim,Raimundo,Saladino,Tarcísio,Urbino,Valente,Wermeson,,,Zadeão
Abílio,Bartolomeu,Cassiano,Deivid,Edvaldo,Faustino,Garcia,Héber,Idalécio,Jader,,Laurénio,Madu,Nasser,Olavo,Paulino,Quintino,Ralfe,Salazar,Tarsício,Urias,Valentim,Warley,,,Zadoque
Abraão,Bartolomeu,Caetano,Dejalme,Edvino,Fausto,Garibaldo,Heitor,Idálio,Jadir,,Laurentino,Magdo,Natã,Olegário,Paulo,Quirilo,Ramberto,Salemo,Tasso,Uriel,Valentino,Warlen ,,,Zafriel
Abraim,Basílio,Caíco,Délcio,Egas,Feliciano,Gascão,Heldemaro,Idário,Jaime,,Lauriano,Magno,Natalício,Olímpio,Pedrino,Quirino,Ramiro,Sales,Tatiano,Urien ,Valério,,,,Zalman
Abrão,Balbino,Caio,Delfim,Egídio,Felício,Gaspar,Hélder,Idavide,Jair,,Laurindo,Mago,Natalino,Olindo,Pedro,Quírio ,Ramna,Sáli,Teliano,,Valgi,,,,Zarco
Absalão,Baldemar,Caleb,Delfino,Egil,Felicíssimo,Gastão,Heldo,Idelso,Jairo,,Lauro,Mair,Natálio,Olinto,Pelaio,,Ramon,Salma,Telmo,,Válter,,,,Zared
Abssilão,Baldomero,Calisto,Délio,Eládio,Felisberto,Gaudêncio,Heleno,Igor,James,,Lázaro,Mamede,Natanael,Olivar,Peniel,,Randolfo,Salomão,Telo,,Vando,,,,Zarão
Acácio,Balduíno,Calvino,Delmano,Eleazar,Felismino,Gávio,Helier,Ildefonso,Jamim,,Leal,Manassés,Nataniel,Oliveiros,Pepe,,Rapaz,Salustiano,Teobaldo,,Vânio,,,,Zebadiah
Acilino,Baltasar,Camilo,Delmar,Eleutério,Félix,Gedeão,Hélio,Ildo,Janai,,Leandro,Manel,Natão,Olivério,Pépio,,Raúl,Salustiniano,Teodemiro,,Varo,,,,Zebilon
Acílio,Baptista,Cândido,Delmiro,Elgar,Feliz,Genésio,Heliodoro,Ilídio,Janardo,,Leão,Manuel,Natércio,Olivier,Perfeito,,Ravi,Salvador,Teodomiro,,Vasco,,,,Zuriel
Acúrsio,Bassarme,Canto,Demétrio,Eli,Ferdinando,Gentil,Hélmut,Inácio,Janique,,Léccio,Mapril,Nazário,Omar,Péricles,,Reginaldo,Salviano,Teodoro,,Venâncio,,,,Zózimo 
Adail,Bastião,Cássio,Dácio,Eberardo,Fernandino,Georgino,Hélvio,Indalécio,Jansénio,,Lécio,Mar,Nélio,Omer,Perpétuo,,Regino,Samaritano,Teodósio,,Venceslau,,,,
Adalberto,Batista,Castelino,Dagmar,Eda,Fernando,Geraldo,Hemaxi,Indra,Januário,,Lemuel,Marcelino,Nelmo,Ondino,Pérsio,,Reinaldo,Samir,Teófilo,,Vêndel,,,,
Adalsindo,Bebiano,Castor,Damas,Eder,Fernão,Gerardo,Hemetério,Indro,Jaque,,Lénio,Marcelo,Nelson,Onildo,Pio,,Reis,Samuel,Teotónio,,Ventura,,,,
Adalsino,Belarmino,Catarino,Damasceno,Edgar,Fernão,Gerberto,Hemitério,Infante,Jaques,,Leo,Marcial,Nélson,Onofre,Pitágoras,,Remi,Sancho,Tércio,,Verdi,,,,
Adamantino,Belchior,Cecílio,Damião,Eden,Ferrer,Germano,Henoch,Ingo,Jarbas,,Leoberto,Marcílio,Nembrode,Orandino,Plácido,,Remígio,Sancler,Tiago,,Vergílio,,,,
Adamastor,Belisário,Cedrico,Daniel,Édi,Fidélio,Gersão,Henrique,Íngue,Jardel,,Leonardo,Márcio,Nemésio,Orêncio,Plínio,,Remízio,Sandrino,Tibério,,Veridiano,,,,
Adão,Belmiro,Celestino,Danilo,Édipo,Filémon,Gerson,Heraldo,Inocêncio,Jasão,,Leôncio,Marco,Nemo,Orestes,Policarpo,,Renato,Sandro,Ticiano,,Veríssimo,,,,
Adauto,Bendavid,Celino,Dante,Edir,Filino,Gervásio,Herberto,Ioque,Jasmim,,Leone,Marcos,Nenrode,Orlandino,Pompeu,,Reno,Sansão,Tierri,,Vero,,,,
Adauto,Benedito,Célio,Dárcio,Edmero,Filinto,Getúlio,Herculano,Irineu,Jeremias,,Leonel,Marcus,Neóteles,Orlando,Porfírio,,Requerino,Santana,Timóteo,,Vérter,,,,
Adelindo,Benevenuto,Celísio,Dario,Eliab,Filipe,Giani,Herédia,Irmino,Jerónimo,,Leonício,Margarido,Neotero,Orlindo,Pracídio,,Ribca,Santelmo,Tirso,,Vianei,,,,
Adelmiro,Benício,Célsio,Dário,Eliano,Filipo,Gil,Herédio,Isaac,Jessé,,Leónidas,Mariano,Nereu,Orósio,Prado,,Ricardo,Santiago,Tito,,Vicêncio,,,,
Adelmo,Benjamim,Celso,Dener,Elias,Filomeno,Gilberto,Heriberto,Isac,Jesualdo,,Leonídio,Marílio,Nero,Óscar,Priam,,Rigoberto,Sário,Tobias,,Vicente,,,,
Ademar,Bento,Celto,Denil,Eliezer,Filoteu,Gildásio,Herlander,Isael,Jesus,,Leonildo,Marinho,Nestor,Oseas,Prião,,Ringo,Sátiro,Toledo,,Victor,,,,
Ademir,Benvindo,César,Denis,Eliézer,Firmino,Gildo,Hérman,Isaí,Jetro,,Leopoldo,Marino,Neutel,Oseias,Primitivo,,Riu,Saúl,Tomás,,Vidal,,,,
Adeodato,Berardo,Cesário,Deodato,Élio,Firmo,Gileade,Hermano,Isaías,Jitendra,,Levi,Mário,Nêuton,Osmano,Primo,,Rivelino,Saulo,Tomé,,Vidálio,,,,
Aderico,Berilo,Césaro,Deolindo,Elioenai,Flávio,Gimeno,Hermenegildo,Isaltino,Joabe,,Liberal,Marito,Nicásio,Osmar,Principiano,,Roberto,Sauro,Toni,,Vidaúl,,,,
Adério,Bernardim,Charbel,Dércio,Eliseu,Florentino,Ginestal,Hermes,Isandro,João,,Libertário,Marlon,Nichal,Osório,Priteche,,Robim,Sávio,Torcato,,Vilar,,,,
Adérito,Bernardino,Cícero,Deusdedito,Elisiário,Floriano,Gino,Hermínio,Isaque,Joaquim,,Liberto,Márlon,Nicodemos,Osvaldo,Procópio,,Roboredo,Sebastião,Torquato,,Vilator,,,,
Adiel,Bernardo,Cid,Dhruva,Elísio,Florival,Giovani,Hermitério,Isauro,Joás,,Lícidas,Marolo,Nicola,Otacílio,Próspero,,Rodolfo,Secundino,Trajano,,Vili,,,,
Adílio,Bértil,Cidalino,Diamantino,Elmano,Fortunato,Girão,Hernâni,Isidoro,Job,,Liciniano,Martim,Nicolau,Otelo,Prudêncio ,,Rodrigo,Segismundo,Tristão,,Vílmar,,,,
Adner,Bertino,Cildo,Didaco,Elmar,Fradique,Glaúcia,Hervê,Isidro,Jocelino,,Licínio,Martinho,Nídio,Otniel,,,Rogélio,Selésio,Tude,,Vílson,,,,
Adolfo,Berto,Cílio,Diego,Elmer,Francisco,Godofredo,Higino,Isildo,Jociano,,Lício,Martiniano,Niete,Oto,,,Rogério,Seleso,Túlio,,Vinício,,,,
Adonai,Bertoldo,Cíntio,Dieter,Elói,Francisco,Goma,Hilário,Ismael,Joel,,Lídio,Martino,Níger,Otoniel,,,Rói,Selmo,Turgo ,,Virgílio,,,,
Adonias,Bertolino,Cipriano,Dilan,Elpídio,Francisco,Gomes,Hildeberto,Isolino,Jofre,,Lidório,Martins,Nil,Ovídio ,,,Rolando,Sénio,,,Virgínio,,,,
Adónias,Betino,Cireneu,Dilermando,Élsio,Franclim,Gonçalo,Hildebrando,Israel,Jonas,,Lígio,Marto,Nilo,,,,Roli,Serafim,,,Virgulino,,,,
Adonilo,Beto,Cirilo,Dimas,Élson,Franco,Gonzaga,Hildegardo,Ítalo,Jonatã,,Liliano,Marvão,Nilson,,,,Rolim,Sereno,,,Viriato,,,,
Adónis,Bianor,Ciro,Dinarte,Élton,Franklim,Graciano,Hipólito,Iúri,Jónatas,,Lindorfo,Márvio,Nilton,,,,Romã,Sérgio,,,Vital,,,,
Adorino,Bibiano,Clarindo,Dinis,Elvino,Franklino,Graciliano,Hirondino,Ivaldo,Jóni,,Lindoro,Mateus,Nino,,,,Romano,Sertório,,,Vitaliano,,,,
Adosindo,Boanerges,Claro,Dino,Elzeário,Fred,Grácio,Hólger,Ivan,Jordano,,Lineu,Matias,Nísio,,,,Romão,Sesinando,,,Vitálio,,,,
Adriano,Boaventura,Claudemiro,Dioclécio,Elzo,Frede,Gregório,Homero,Ivanoel,Jordão,,Lineu,Mátio,Nivaldo,,,,Romarico,Severiano,,,Vito,,,,
Adrião,Boavida,Cláudio,Diogo,Emanuel,Frederico,Guadalberto,Honorato,Íven,Jorge,,Lino,Matusalém,Noah,,,,Romarigo,Severino,,,Vítor,,,,
Adriel,Bonifácio,Clemêncio,Dionísio,Emaús,Fredo,Gualdim,Honório,Ivo,Jório,,Línton,Mauri,Noame,,,,Romário,Severo,,,Vitorino,,,,
Adrualdo,Bóris,Clemente,Diotil,Emídio,Fulgêncio,Gualter,Horácio,Izalino,Joscelino,,Lisandro,Maurício,Nobre,,,,Romeu,Siddártha,,,Vitório,,,,
Adruzilo,Brandão,Clésio,Dírio,Emiliano,Fúlvio,Guarani,Huberto,,José,,Lisuarte,Maurílio,Noé,,,,Rómulo,Sidnei,,,Vivaldo,,,,
Afonsino,Brás,Clídio,Dirque,Emílio,,Gueir,Hugo,,Josefino,,Lito,Mauro,Noel,,,,Ronaldo,Sidónio,,,Viveque,,,,
Afonso,Bráulio,Clife,Divo,Emo,,Gui,Humberto,,Josefo,,Livramento,Max,Nói,,,,Roque,Sidraque,,,Vladimiro ,,,,
Afonso,Breno,Clodomiro,Djalma,Eneias,,Guido,,,Joselindo,,Lopo,Maximiano,Nonato,,,,Roriz,Sifredo,,,,,,,
Afrânio,Brian,Clóvis,Djalme,Enes,,Guildo,,,Joselino,,Loreto,Maximiliano,Norberto,,,,Rosano,Silas,,,,,,,
Afre,Brice,Conrado,Djalmo,Engrácio,,Guilherme,,,Josias,,Lorival,Maximino,Norival,,,,Rosário,Silvano,,,,,,,
Africano,Brígido,Constâncio,Domingos,Enio,,Guilhermino,,,Josselino,,Lótus,Máximo,Normano,,,,Rosil,Silvério,,,,,,,
Agapito,Briolanjo,Constantino,Domínico,Énio,,Guimar,,,Josué,,Lourenço,Mel,Nuno,,,,Rossano,Silvestre,,,,,,,
Agenor,Bruce,Consulino,Donaldo,Enoque,,Gumersindo,,,Jovelino,,Lourival,Melchior,Núrio ,,,,Rúben,Silviano,,,,,,,
Agnelo,Bruno,Corsino,Donato,Enrique,,Gumesindo,,,Jovito,,Luca,Melco,,,,,Rubi,Sílvio,,,,,,,
Agostinho,,Cosme,Donzílio,Enzo,,Gusmão,,,Judá,,Lucas,Melquisedeque,,,,,Rubim,Simão,,,,,,,
Aguinaldo,,Cris,Dóriclo,Erasmo,,Gustavo,,,Judas,,Luciano,Mélvin,,,,,Ruby,Simauro,,,,,,,
Aidé,,Crispim,Dorico,Ercílio,,Gustavo São Romão,,,Juliano,,Lucílio,Mem,,,,,Rudesindo,Simplício,,,,,,,
Aires,,Cristiano,Dositeu,Eric,,Guterre,,,Julião,,Lucínio,Mendo,,,,,Rúdi,Sindulfo,,,,,,,
Airton,,Cristofe,Druso,Erico,,,,,Júlio,,Lúcio,Mesaque,,,,,Rudolfo,Sinésio,,,,,,,
Aitor,,Cristóforo,Duarte,Érico,,,,,Júnio,,Ludgero,Messias,,,,,Rufino,Sisenando,,,,,,,
Aladino,,Cristóvão,Duílio,Erik,,,,,Júnior,,Ludovico,Micael,,,,,Rui,Sisínio,,,,,,,
Alamiro,,Cursino,Dulcínio,Erique,,,,,Juno,,Ludovino,Micael de Jesus,,,,,Ruperto,Sisnando,,,,,,,
Alan,,Custódio,Dúnio,Ermitério,,,,,Justiniano,,Luís,Miguel,,,,,Rúpio,Sívio,,,,,,,
Alano,,,Durbalino,Ernâni,,,,,Justino,,Luís Figo,Mileu,,,,,Rurique,Sixto,,,,,,,
Alão,,,Durval,Ernesto,,,,,Juvenal,,Lupicino,Milo,,,,,Russel ,Sócrates,,,,,,,
Alarico,,,Durvalino,Esaú,,,,,Juventino ,,Lutero,Milton,,,,,,Soeiro,,,,,,,
Albano,,,,Esmeraldo,,,,,,,Luzio ,Mílton,,,,,,Solano,,,,,,,
Alberico,,,,Estanislau,,,,,,,,Mimon,,,,,,Sotero,,,,,,,
Albertino,,,,Estefânio,,,,,,,,Mimoso,,,,,,Suraje,,,,,,,
Alberto,,,,Estéfano,,,,,,,,Miqueias,,,,,,Susano ,,,,,,,
Alcibíades,,,,Estélio,,,,,,,,Mirco,,,,,,,,,,,,,
Alcides,,,,Estevão,,,,,,,,Miro,,,,,,,,,,,,,
Alcindo,,,,Estêvão,,,,,,,,Mis,,,,,,,,,,,,,
Alcino,,,,Euclides,,,,,,,,Misael,,,,,,,,,,,,,
Aldaír,,,,Eugénio,,,,,,,,Modesto,,,,,,,,,,,,,
Aldemar,,,,Eulógio,,,,,,,,Moisés,,,,,,,,,,,,,
Alder,,,,Eurico,,,,,,,,Múcio,,,,,,,,,,,,,
Aldo,,,,Eusébio,,,,,,,,Munir,,,,,,,,,,,,,
Aldónio,,,,Eustácio,,,,,,,,Murilo ,,,,,,,,,,,,,
Aleixo,,,,Eustáquio,,,,,,,,,,,,,,,,,,,,,
Aleu,,,,Evaldo,,,,,,,,,,,,,,,,,,,,,
Alex,,,,Evandro,,,,,,,,,,,,,,,,,,,,,
Alexandre,,,,Evangelino,,,,,,,,,,,,,,,,,,,,,
Alexandrino,,,,Evangelista,,,,,,,,,,,,,,,,,,,,,
Alexandro,,,,Evaristo,,,,,,,,,,,,,,,,,,,,,
Aléxio,,,,Evelácio,,,,,,,,,,,,,,,,,,,,,
Aléxis,,,,Evelásio,,,,,,,,,,,,,,,,,,,,,
Alfeu,,,,Evélio,,,,,,,,,,,,,,,,,,,,,
Alfredo,,,,Evêncio,,,,,,,,,,,,,,,,,,,,,
Alípio,,,,Everaldo,,,,,,,,,,,,,,,,,,,,,
Alírio,,,,Everardo,,,,,,,,,,,,,,,,,,,,,
Alítio,,,,Expedito,,,,,,,,,,,,,,,,,,,,,
Alito,,,,Ezequiel,,,,,,,,,,,,,,,,,,,,,
Alivar,,,,,,,,,,,,,,,,,,,,,,,,,
Alívio,,,,,,,,,,,,,,,,,,,,,,,,,
Almerindo,,,,,,,,,,,,,,,,,,,,,,,,,
Almiro,,,,,,,,,,,,,,,,,,,,,,,,,
Almirodo,,,,,,,,,,,,,,,,,,,,,,,,,
Almurtão,,,,,,,,,,,,,,,,,,,,,,,,,
Aloís,,,,,,,,,,,,,,,,,,,,,,,,,
Aloísio,,,,,,,,,,,,,,,,,,,,,,,,,
Alpoim,,,,,,,,,,,,,,,,,,,,,,,,,
Altino,,,,,,,,,,,,,,,,,,,,,,,,,
Alvarim,,,,,,,,,,,,,,,,,,,,,,,,,
Alvarino,,,,,,,,,,,,,,,,,,,,,,,,,
Alvário,,,,,,,,,,,,,,,,,,,,,,,,,
Álvaro,,,,,,,,,,,,,,,,,,,,,,,,,
Alvino,,,,,,,,,,,,,,,,,,,,,,,,,
Amável,,,,,,,,,,,,,,,,,,,,,,,,,
Ambrósio,,,,,,,,,,,,,,,,,,,,,,,,,
Américo,,,,,,,,,,,,,,,,,,,,,,,,,
Amílcar,,,,,,,,,,,,,,,,,,,,,,,,,
Aminadabe,,,,,,,,,,,,,,,,,,,,,,,,,
Amorim,,,,,,,,,,,,,,,,,,,,,,,,,
Amós,,,,,,,,,,,,,,,,,,,,,,,,,
Amadeu,,,,,,,,,,,,,,,,,,,,,,,,,
Amadis,,,,,,,,,,,,,,,,,,,,,,,,,
Amado,,,,,,,,,,,,,,,,,,,,,,,,,
Amador,,,,,,,,,,,,,,,,,,,,,,,,,
Amâncio,,,,,,,,,,,,,,,,,,,,,,,,,
Amândio,,,,,,,,,,,,,,,,,,,,,,,,,
Amarildo,,,,,,,,,,,,,,,,,,,,,,,,,
Amarílio,,,,,,,,,,,,,,,,,,,,,,,,,
Amaro,,,,,,,,,,,,,,,,,,,,,,,,,
Amauri,,,,,,,,,,,,,,,,,,,,,,,,,
Anacleto,,,,,,,,,,,,,,,,,,,,,,,,,
Anael,,,,,,,,,,,,,,,,,,,,,,,,,
Anaim,,,,,,,,,,,,,,,,,,,,,,,,,
Analide,,,,,,,,,,,,,,,,,,,,,,,,,
Anania,,,,,,,,,,,,,,,,,,,,,,,,,
Ananias,,,,,,,,,,,,,,,,,,,,,,,,,
Anastácio,,,,,,,,,,,,,,,,,,,,,,,,,
André,,,,,,,,,,,,,,,,,,,,,,,,,
Andreias,,,,,,,,,,,,,,,,,,,,,,,,,
Andreo,,,,,,,,,,,,,,,,,,,,,,,,,
Andrés,,,,,,,,,,,,,,,,,,,,,,,,,
Angélico,,,,,,,,,,,,,,,,,,,,,,,,,
Ângelo,,,,,,,,,,,,,,,,,,,,,,,,,
Aníbal,,,,,,,,,,,,,,,,,,,,,,,,,
Aniceto,,,,,,,,,,,,,,,,,,,,,,,,,
Anielo,,,,,,,,,,,,,,,,,,,,,,,,,
Anísio,,,,,,,,,,,,,,,,,,,,,,,,,
Anolido,,,,,,,,,,,,,,,,,,,,,,,,,
Anselmo,,,,,,,,,,,,,,,,,,,,,,,,,
Antão,,,,,,,,,,,,,,,,,,,,,,,,,
Antelmo,,,,,,,,,,,,,,,,,,,,,,,,,
Antenor,,,,,,,,,,,,,,,,,,,,,,,,,
Antero,,,,,,,,,,,,,,,,,,,,,,,,,
Antonelo,,,,,,,,,,,,,,,,,,,,,,,,,
Antonino,,,,,,,,,,,,,,,,,,,,,,,,,
António,,,,,,,,,,,,,,,,,,,,,,,,,
Aparício,,,,,,,,,,,,,,,,,,,,,,,,,
Ápio,,,,,,,,,,,,,,,,,,,,,,,,,
Apolinário,,,,,,,,,,,,,,,,,,,,,,,,,
Apolo,,,,,,,,,,,,,,,,,,,,,,,,,
Apolónio,,,,,,,,,,,,,,,,,,,,,,,,,
Aprígio,,,,,,,,,,,,,,,,,,,,,,,,,
Aquil,,,,,,,,,,,,,,,,,,,,,,,,,
Aquila,,,,,,,,,,,,,,,,,,,,,,,,,
Áquila,,,,,,,,,,,,,,,,,,,,,,,,,
Aquiles,,,,,,,,,,,,,,,,,,,,,,,,,
Aquilino,,,,,,,,,,,,,,,,,,,,,,,,,
Aquino,,,,,,,,,,,,,,,,,,,,,,,,,
Aquira,,,,,,,,,,,,,,,,,,,,,,,,,
Aramis,,,,,,,,,,,,,,,,,,,,,,,,,
Arcádio,,,,,,,,,,,,,,,,,,,,,,,,,
Arcanjo,,,,,,,,,,,,,,,,,,,,,,,,,
Arcelino,,,,,,,,,,,,,,,,,,,,,,,,,
Arcélio,,,,,,,,,,,,,,,,,,,,,,,,,
Arcílio,,,,,,,,,,,,,,,,,,,,,,,,,
Ardingue,,,,,,,,,,,,,,,,,,,,,,,,,
Argemiro,,,,,,,,,,,,,,,,,,,,,,,,,
Argentino,,,,,,,,,,,,,,,,,,,,,,,,,
Ari,,,,,,,,,,,,,,,,,,,,,,,,,
Ariel,,,,,,,,,,,,,,,,,,,,,,,,,
Arine,,,,,,,,,,,,,,,,,,,,,,,,,
Ariosto,,,,,,,,,,,,,,,,,,,,,,,,,
Arisberto,,,,,,,,,,,,,,,,,,,,,,,,,
Aristides,,,,,,,,,,,,,,,,,,,,,,,,,
Aristóteles,,,,,,,,,,,,,,,,,,,,,,,,,
Arlindo,,,,,,,,,,,,,,,,,,,,,,,,,
Armandino,,,,,,,,,,,,,,,,,,,,,,,,,
Armando,,,,,,,,,,,,,,,,,,,,,,,,,
Armelim,,,,,,,,,,,,,,,,,,,,,,,,,
Arménio,,,,,,,,,,,,,,,,,,,,,,,,,
Armindo,,,,,,,,,,,,,,,,,,,,,,,,,
Arnaldo,,,,,,,,,,,,,,,,,,,,,,,,,
Arnoldo,,,,,,,,,,,,,,,,,,,,,,,,,
Aron,,,,,,,,,,,,,,,,,,,,,,,,,
Arquibaldo,,,,,,,,,,,,,,,,,,,,,,,,,
Arquimedes,,,,,,,,,,,,,,,,,,,,,,,,,
Arquimínio,,,,,,,,,,,,,,,,,,,,,,,,,
Arquimino,,,,,,,,,,,,,,,,,,,,,,,,,
Arsénio,,,,,,,,,,,,,,,,,,,,,,,,,
Artur,,,,,,,,,,,,,,,,,,,,,,,,,
Ary,,,,,,,,,,,,,,,,,,,,,,,,,
Ascenso,,,,,,,,,,,,,,,,,,,,,,,,,
Asdrúbal,,,,,,,,,,,,,,,,,,,,,,,,,
Asélio,,,,,,,,,,,,,,,,,,,,,,,,,
Áser,,,,,,,,,,,,,,,,,,,,,,,,,
Assis,,,,,,,,,,,,,,,,,,,,,,,,,
Ataíde,,,,,,,,,,,,,,,,,,,,,,,,,
Atanásio,,,,,,,,,,,,,,,,,,,,,,,,,
Atão,,,,,,,,,,,,,,,,,,,,,,,,,
Átila,,,,,,,,,,,,,,,,,,,,,,,,,
Aubri,,,,,,,,,,,,,,,,,,,,,,,,,
Augusto,,,,,,,,,,,,,,,,,,,,,,,,,
Aureliano,,,,,,,,,,,,,,,,,,,,,,,,,
Aurelino,,,,,,,,,,,,,,,,,,,,,,,,,
Áureo,,,,,,,,,,,,,,,,,,,,,,,,,
Ausendo,,,,,,,,,,,,,,,,,,,,,,,,,
Austrelino,,,,,,,,,,,,,,,,,,,,,,,,,
Avelino,,,,,,,,,,,,,,,,,,,,,,,,,
Aventino,,,,,,,,,,,,,,,,,,,,,,,,,
Axel,,,,,,,,,,,,,,,,,,,,,,,,,
Azélio,,,,,,,,,,,,,,,,,,,,,,,,,
Aziz,,,,,,,,,,,,,,,,,,,,,,,,,
Azuil,,,,,,,,,,,,,,,,,,,,,,,,,
