Abbott,Bailey,Cahill,Daley,Eaton,Fagan,Galbraith,Hackett,Ingram ,Jackson,Kane,Lake,MacDonald,Napier,O’Brien,Padilla,Quinlan,Rafferty,Salazar,Taylor,Underwood,Vance,Waddell,Ximenes,Yen,Ziegler
Abernathy,Bain,Caldwell,Dalrymple,Edmondson,Fallon,Gallagher,Hagan,,Jacobs,Kearney,Lamb,MacGregor,Nash,O’Connell,Page,Quinn ,Ralston,Salisbury,Temple,Upton,Vargas,Wade,Xavier,Yelchin,Zuckerberg
Adair,Baird,Calhoun,Dalton,Edwards,Fanning,Gallegos,Hahn,,James,Kearns,Lamont,MacKay,Neal,O’Connor,Palmer,,Ramirez,Sampson,Templeton,Urquhart ,Vaughan,Wagner,Xing,Yeun,Zimmerman 
Adams,Baker,Callahan,Daly,Egan,Farley,Galloway,Hale,,Jamison,Keating,Lancaster,MacKenzie,Nelson,O’Donnell,Parker,,Ramos,Sanchez,Tennant,,Vaughn,Walker,Xun,Yung,Zellweger
Adkins,Baldwin,Cameron,Daniel,Elliott,Farrell,Garcia,Haley,,Jarvis,Keegan,Lane,MacKinnon,Neville,Ogden,Parks,,Ramsey,Sanders,Terry,,Vega,Wallace,Xia,Yeoh,Zegers
Aguirre,Ball,Campbell,Daniels,Ellis,Faulkner,Gardner,Hall,,Jenkins,Keene,Larkin,MacLean,Newman,Ogle,Parrish,,Randall,Sandoval,Thomas,,Velez,Walsh,Xuan,Yun,Zaga
Alexander,Ballard,Cannon,Daugherty,Emery,Ferguson,Garner,Halsey,,Jenkins,Kehoe,Larsen,MacLeod,Newton,O’Grady,Parsons,,Rankin,Santiago,Thompson,,Vogel ,Walton,Xu,Yates,Zane
Allen,Banks,Cantrell,Davenport,England,Fernandez,Garrett,Hamilton,,Jensen,Keith,Larson,MacMillan,Nichols,O’Hara,Patterson,,Rasmussen,Saunders,Thomson,,,Ward,,Yune,Zahn
Allen,Barker,Cantu,Davidson,English,Figueroa,Garrison,Hammond,,Jimenez,Kelleher,Law,MacPherson,Nicholson,O’Keefe,Patton,,Ray,Sawyer,Thornton,,,Ward,,,Zimmer
Allison,Barnes,Cardenas,Davies,Erickson,Finch,Garza,Hampton,,Johnson,Keller,Lawrence,Madden,Nicholson,O’Leary,Payne,,Reece,Schaefer,Thorpe,,,Ware,,,
Almeida,Barnett,Carey,Davis,Evans,Finn,Gauthier,Hancock,,Johnson,Kelley,Lawson,Maher,Nielsen,Oliver,Peacock,,Reed,Schmidt,Thurston,,,Warner,,,
Alvarado,Barr,Carlson,Dawson,Ewing ,Finnegan,Gentry,Hanley,,Johnston,Kelly,Leach,Mahoney,Noble,Olson,Pearson,,Rees,Schmitt,Tierney,,,Warren,,,
Alvarez,Barrett,Carney,Day,,Fischer,George,Hanna,,Johnston,Kemp,Leblanc,Maldonado,Nolan,Olson,Peck,,Reese,Schneider,Tilley,,,Watkins,,,
Andersen,Barry,Carpenter,Dean,,Fisher,Gibbons,Hansen,,Jones,Kendall,Lee,Malloy,Noonan,O’Neal,Penn,,Reeves,Schofield,Timmons,,,Watson,,,
Anderson,Bartlett,Carr,Delaney,,Fitch,Gibbs,Harding,,Jordan,Kennedy,Leonard,Malone,Norris,O’Neil,Pennington,,Regan,Schroeder,Tobin,,,Waugh,,,
Anderson,Barton,Carroll,Dempsey,,Fitzgerald,Gibson,Hardy,,Jorgensen,Kenney,Leslie,Maloney,North,O’Neill,Pereira,,Reid,Schultz,Todd,,,Weaver,,,
Andrews,Batchelor,Carson,Devine,,Fitzpatrick,Gilbert,Harper,,Joyce ,Kenny,Levesque,Manning,Norwood,O’Reilly,Perez,,Reid,Schwartz,Torres,,,Webb,,,
Archer,Bateman,Carter,Diaz,,Fitzsimmons,Gill,Harrington,,,Kent,Lewis,Marsh,Nunez ,O’Rourke,Perkins,,Reilly,Scott,Townsend,,,Weber,,,
Armstrong,Bates,Carver,Dickey,,Flanagan,Gillespie,Harris,,,Kerr,Lewis,Marshall,,Orr,Perry,,Reyes,Sears,Trevino,,,Webster,,,
Arnold,Bauer,Casey,Dickinson,,Fletcher,Gillespie,Harrison,,,Kidd,Lindsay,Martin,,Ortega,Peters,,Reynolds,Self,Trujillo,,,Weeks,,,
Arsenault,Baxter,Cassidy,Dickson,,Flood,Gilliam,Hart,,,Kilgore,Lindsey,Martinez,,Ortiz,Peterson,,Reynolds,Serrano,Tucker,,,Welch,,,
Ashby,Beach,Castillo,Dillon,,Flores,Glass,Hartley,,,Kincaid,Little,Mason,,O’Sullivan,Phillips,,Rhodes,Shaffer,Tucker,,,Wells,,,
Ashworth,Beasley,Castro,Dixon,,Floyd,Gleason,Harvey,,,King,Lloyd,Massey,,Owen ,Pierce,,Rice,Sharp,Turner ,,,Welsh,,,
Atkinson,Beck,Chandler,Dobson,,Flynn,Glover,Hastings,,,Kinney,Lockhart,Matthews,,,Pike,,Richards,Sharpe,,,,Wentworth,,,
Austin,Beebe,Chaney,Dodd,,Foley,Gomez,Hatch,,,Kirby,Long,Mattingly,,,Piperh,,Richardson,Shaw,,,,West,,,
Ayers ,Bell,Chapman,Doherty,,Forbes,Gonzales,Hawkins,,,Kirk,Loomis,Maurer,,,Pittman,,Riley,Shea,,,,Whalen,,,
,Bender,Chase,Dolan,,Ford,Gonzalez,Hay,,,Kirkland,Lopez,Maxwell,,,Pollard,,Ritchie,Sheehan,,,,Wheeler,,,
,Bennett,Chavez,Dominguez,,Forsyth,Goode,Hayden,,,Kirkpatrick,Love,May,,,Pollock,,Rivera,Shelton,,,,Whitaker,,,
,Benson,Childers,Donahue,,Foster,Goodman,Hayes,,,Klein,Lowe,Maynard,,,Poole,,Roach,Shepherd,,,,White,,,
,Bentley,Choate,Donaldson,,Fournier,Goodwin,Haynes,,,Knight,Lucas,McAllister,,,Pope,,Robb,Sheridan,,,,Whitehead,,,
,Benton,Christian,Donnelly,,Fowler,Gordon,Hays,,,Koch,Lynch,McBride,,,Porter,,Roberts,Sherwood,,,,Whittaker,,,
,Berry,Christie,Donovan,,Fox,Gorman,Head,,,Koenig,Lyon ,McCabe,,,Porter,,Roberts,Shields,,,,Wiley,,,
,Bird,Church,Dougherty,,Franklin,Grace,Healy,,,Krause ,,McCaffrey,,,Porterfield,,Robertson,Shoemaker,,,,Wilkinson,,,
,Bishop,Churchill,Douglas,,Fraser,Grady,Heath,,,,,McCain,,,Potter,,Robinson,Short,,,,Williams,,,
,Black,Clancy,Dowd,,Frazier,Graham,Henderson,,,,,McCall,,,Powell,,Robles,Silva,,,,Williamson,,,
,Blackburn,Clark,Dowling,,Freeman,Grant,Henry,,,,,McCallum,,,Power,,Roche,Simmons,,,,Willis,,,
,Blackwell,Clark,Downey,,Frost,Grantham,Hensley,,,,,McCann,,,Powers,,Rodgers,Simpson,,,,Willoughby,,,
,Blair,Clarke,Doyle,,Fry,Graves,Hernandez,,,,,McCarthy,,,Prater,,Rodriguez,Sims,,,,Wilson,,,
,Blake,Clay,Drake,,Fuller ,Gray,Herndon,,,,,McCartney,,,Pratt,,Rogers,Sinclair,,,,Wise,,,
,Blevins,Clayton,Drew,,,Green,Hess,,,,,McCarty,,,Preston,,Rollins,Skinner,,,,Wood,,,
,Bolton,Cleveland,Driscoll,,,Greene,Hewitt,,,,,McClanahan,,,Price,,Romero,Slattery,,,,Woodard,,,
,Bond,Clifford,Duckworth,,,Greenwood,Hickey,,,,,McCleary,,,Prince,,Rooney,Slaughter,,,,Woodruff,,,
,Boone,Cobb,Dudley,,,Greer,Hickman,,,,,McClellan,,,Pritchard,,Rose,Sloan,,,,Woods,,,
,Bowen,Cochran,Duffy,,,Gregory,Hicks,,,,,McClure,,,Proctor,,Ross,Smart,,,,Woodward,,,
,Bowers,Cochrane,Dugan,,,Griffin,Higgins,,,,,McCollum,,,Pruitt,,Rossi,Smith,,,,Wooten,,,
,Bowman,Coffey,Duggan,,,Griffith,Hill,,,,,McConnell,,,Puckett,,Roth,Snow,,,,Wren,,,
,Boyd,Cole,Duncan,,,Gunn,Hodges,,,,,McCormack,,,Pugh,,Rowe,Snyder,,,,Wright,,,
,Boyd,Coleman,Dunlap,,,Gustafson,Hoffman,,,,,McCormick,,,Purcell,,Roy,Somerville,,,,Wyatt ,,,
,Boyle,Coleman,Dunn,,,Guthrie,Hogan,,,,,McCoy,,,Putnam ,,Ruiz,Soto,,,,,,,
,Bradford,Collier,Dwyer ,,,Gutierrez,Holbrook,,,,,McCracken,,,,,Russell,Sparks,,,,,,,
,Bradley,Collins,,,,Guzman ,Holden,,,,,McCulloch,,,,,Russo,Spears,,,,,,,
,Bradshaw,Combs,,,,,Holder,,,,,McCullough,,,,,Ryan ,Spence,,,,,,,
,Brady,Compton,,,,,Holland,,,,,McCurdy,,,,,,Spencer,,,,,,,
,Bragg,Conley,,,,,Hollis,,,,,McDaniel,,,,,,Stack,,,,,,,
,Breen,Connell,,,,,Holloway,,,,,McDermott,,,,,,Stafford,,,,,,,
,Brennan,Connolly,,,,,Holman,,,,,McDonald,,,,,,Stanley,,,,,,,
,Brewer,Conrad,,,,,Holmes,,,,,McDonough,,,,,,Stanton,,,,,,,
,Briggs,Conway,,,,,Holt,,,,,McDougall,,,,,,Steele,,,,,,,
,Brooks,Cook,,,,,Hood,,,,,McDowell,,,,,,Stephens,,,,,,,
,Broussard,Cooke,,,,,Hooper,,,,,McElroy,,,,,,Stephenson,,,,,,,
,Brown,Cooley,,,,,Hoover,,,,,McFadden,,,,,,Stevens,,,,,,,
,Brown,Cooney,,,,,Hopkins,,,,,McFarland,,,,,,Stevenson,,,,,,,
,Browne,Cooper,,,,,Hopper,,,,,McGarry,,,,,,Stewart,,,,,,,
,Bruce,Copeland,,,,,Horton,,,,,McGee,,,,,,Stiles,,,,,,,
,Bryant,Corbett,,,,,Houghton,,,,,McGinnis,,,,,,Stokes,,,,,,,
,Buchanan,Corcoran,,,,,House,,,,,McGrath,,,,,,Stone,,,,,,,
,Buckley,Cormier,,,,,Houston,,,,,McGraw,,,,,,Stout,,,,,,,
,Bullock,Costello,,,,,Howard,,,,,McGregor,,,,,,Strickland,,,,,,,
,Burgess,Coughlin,,,,,Howe,,,,,McGuire,,,,,,Strong,,,,,,,
,Burke,Cowan,,,,,Howell,,,,,McHugh,,,,,,Stuart,,,,,,,
,Burnham,Cox,,,,,Hubbard,,,,,McIntosh,,,,,,Suarez,,,,,,,
,Burns,Coyle,,,,,Huber,,,,,McIntyre,,,,,,Sullivan,,,,,,,
,Burton,Coyne,,,,,Hudson,,,,,McKay,,,,,,Sutherland,,,,,,,
,Butcher,Crabtree,,,,,Huffman,,,,,McKee,,,,,,Sutton,,,,,,,
,Butler,Craig,,,,,Hughes,,,,,McKenna,,,,,,Sweeney ,,,,,,,
,Byrd,Crawford,,,,,Hull,,,,,McKenzie,,,,,,,,,,,,,
,Byrne ,Crockett,,,,,Humphrey,,,,,McKinley,,,,,,,,,,,,,
,,Cross,,,,,Humphries,,,,,McKinney,,,,,,,,,,,,,
,,Crouch,,,,,Hunt,,,,,McKinnon,,,,,,,,,,,,,
,,Crowley,,,,,Hunter,,,,,McKnight,,,,,,,,,,,,,
,,Cruz,,,,,Hurley,,,,,McLain,,,,,,,,,,,,,
,,Cullen,,,,,Hurst,,,,,McLaughlin,,,,,,,,,,,,,
,,Cunningham,,,,,Hutchinson,,,,,McLean,,,,,,,,,,,,,
,,Curran,,,,,Hutchison ,,,,,McLeod,,,,,,,,,,,,,
,,Curtis ,,,,,,,,,,McMahan,,,,,,,,,,,,,
,,,,,,,,,,,,McMahon,,,,,,,,,,,,,
,,,,,,,,,,,,McManus,,,,,,,,,,,,,
,,,,,,,,,,,,McMillan,,,,,,,,,,,,,
,,,,,,,,,,,,McNally,,,,,,,,,,,,,
,,,,,,,,,,,,McNamara,,,,,,,,,,,,,
,,,,,,,,,,,,McNeil,,,,,,,,,,,,,
,,,,,,,,,,,,McNeill,,,,,,,,,,,,,
,,,,,,,,,,,,McNulty,,,,,,,,,,,,,
,,,,,,,,,,,,McPherson,,,,,,,,,,,,,
,,,,,,,,,,,,McQueen,,,,,,,,,,,,,
,,,,,,,,,,,,McWilliams,,,,,,,,,,,,,
,,,,,,,,,,,,Mead,,,,,,,,,,,,,
,,,,,,,,,,,,Meadows,,,,,,,,,,,,,
,,,,,,,,,,,,Medeiros,,,,,,,,,,,,,
,,,,,,,,,,,,Medina,,,,,,,,,,,,,
,,,,,,,,,,,,Meier,,,,,,,,,,,,,
,,,,,,,,,,,,Melton,,,,,,,,,,,,,
,,,,,,,,,,,,Mendoza,,,,,,,,,,,,,
,,,,,,,,,,,,Meredith,,,,,,,,,,,,,
,,,,,,,,,,,,Merritt,,,,,,,,,,,,,
,,,,,,,,,,,,Meyer,,,,,,,,,,,,,
,,,,,,,,,,,,Middleton,,,,,,,,,,,,,
,,,,,,,,,,,,Miles,,,,,,,,,,,,,
,,,,,,,,,,,,Miller,,,,,,,,,,,,,
,,,,,,,,,,,,Mills,,,,,,,,,,,,,
,,,,,,,,,,,,Milne,,,,,,,,,,,,,
,,,,,,,,,,,,Miranda,,,,,,,,,,,,,
,,,,,,,,,,,,Mitchell,,,,,,,,,,,,,
,,,,,,,,,,,,Molloy Irish,,,,,,,,,,,,,
,,,,,,,,,,,,Monaghan,,,,,,,,,,,,,
,,,,,,,,,,,,Monahan,,,,,,,,,,,,,
,,,,,,,,,,,,Monroe,,,,,,,,,,,,,
,,,,,,,,,,,,Montgomery,,,,,,,,,,,,,
,,,,,,,,,,,,Moody,,,,,,,,,,,,,
,,,,,,,,,,,,Mooney,,,,,,,,,,,,,
,,,,,,,,,,,,Moore,,,,,,,,,,,,,
,,,,,,,,,,,,Morales,,,,,,,,,,,,,
,,,,,,,,,,,,Moran,,,,,,,,,,,,,
,,,,,,,,,,,,Moreno,,,,,,,,,,,,,
,,,,,,,,,,,,Morgan,,,,,,,,,,,,,
,,,,,,,,,,,,Morris,,,,,,,,,,,,,
,,,,,,,,,,,,Morris,,,,,,,,,,,,,
,,,,,,,,,,,,Morrison,,,,,,,,,,,,,
,,,,,,,,,,,,Morrow,,,,,,,,,,,,,
,,,,,,,,,,,,Morse,,,,,,,,,,,,,
,,,,,,,,,,,,Moser,,,,,,,,,,,,,
,,,,,,,,,,,,Moss,,,,,,,,,,,,,
,,,,,,,,,,,,Mueller,,,,,,,,,,,,,
,,,,,,,,,,,,Muir,,,,,,,,,,,,,
,,,,,,,,,,,,Munn,,,,,,,,,,,,,
,,,,,,,,,,,,Munoz,,,,,,,,,,,,,
,,,,,,,,,,,,Munro,,,,,,,,,,,,,
,,,,,,,,,,,,Murdock,,,,,,,,,,,,,
,,,,,,,,,,,,Murphy,,,,,,,,,,,,,
,,,,,,,,,,,,Murphy,,,,,,,,,,,,,
,,,,,,,,,,,,Murray,,,,,,,,,,,,,
,,,,,,,,,,,,Murray,,,,,,,,,,,,,
,,,,,,,,,,,,Myers,,,,,,,,,,,,,
,,,,,,,,,,,,Myrick ,,,,,,,,,,,,,
